ship_mode,total_sales_amount,total_quantity_sold,avg_discount,total_profit
Same Day,128363.125,1960,0.152394107,15891.7589
First Class,351428.4229,5693,0.164609883,48969.8399
Second Class,459455.5294,7425,0.138823227,59447.549
Standard Class,1358215.743,22797,0.160023458,164088.7875
