report_month,total_sales,total_quantity,avg_discount,total_profit
1,18174,236,0.177931034,-3281
2,11951,239,0.1296875,2814
3,38726,515,0.140144928,9732
4,34195,543,0.1759375,4187
5,30132,575,0.16609589,4668
6,24797,486,0.172463768,3336
7,28765,557,0.171582734,3289
8,36898,598,0.156415094,5356
9,64596,1086,0.140955631,8209
10,31405,631,0.162349398,2817
11,75973,1310,0.162314815,12475
12,74920,1203,0.137246835,8017
