report_year,total_sales,total_quantity,avg_discount,total_profit
2014,968495,15162,0.158170854,99088
2015,941065,15958,0.155667302,123237
2016,1218935,19678,0.154718883,167592
2017,1466431,24952,0.156557104,186879
